"","gene","tumor_a","tumor_b","tumor_c","tumor_d","tumor_e","tumor_f","tumor_g","tumor_h","tumor_i"
"1","gene_1",0.932319044267783,0.897589279510823,0.681166293529757,-0.845106688262509,-1.62289924233955,-1.08050062813882,1.23230945228237,1.17388286650869,0.757300876483838
"2","gene_2",1.21132780725014,1.46242165037245,1.12751167634918,-1.23193092109077,-0.777748253705232,-0.938348588486574,0.773985178750238,0.97214476290584,0.917723412517974
"3","gene_3",-0.461631369001323,0.12598756643814,-0.201786252998675,-0.926531720189294,-0.786867909191703,-1.08215452685619,1.07592711032872,0.937288445390311,0.717578850277632
"4","gene_4",-0.880422395937483,-0.438604124373502,0.021082527930402,-0.530717558773442,-0.677129372689344,-0.603558580564271,1.11582948795022,0.951529339082215,0.949965306603183
"5","gene_5",-1.09941170121233,-1.22377397380138,-0.811647184677235,-0.056341396075258,0.199226053875705,0.0488028722251755,0.81217594243721,1.05124849212716,0.671871514365042
"6","gene_6",-0.969556579548725,-1.49015369835996,-1.0288156596456,-0.274721419286964,0.115912007182842,0.0868300761053316,1.13038282894384,1.3769490904157,1.12686342097243
"7","gene_7",-0.0675882120018552,0.157478615026433,-0.53623375085491,1.0444794396001,1.19523024440751,0.951502602562962,-1.09503184368071,-1.13562525184132,-0.685974134895579
"8","gene_8",0.763898486029707,1.09644488868745,1.17939564817624,0.713272011701007,1.15654077450512,1.10258514486926,-0.972204911531733,-1.08248449084867,-1.12204770115623
"9","gene_9",1.1145246464297,0.990150452210009,1.13554460018969,0.75505045434072,0.788462201644636,0.645073901109065,-0.950496637911614,-1.39807314101331,-1.23865663787958
