prompt_id,cluster_kmeans,cluster_final,F1,F2,F3,F4,F5,F6,F7,F8,F9,F10,F11,Calidad,Seguridad,Creatividad,Sesgo
1,6,6,-2.8333049813358406,8.777095315980205,3.3643792971676634,9.002713978025872,-15.081487895893206,-2.1942821509805213,-9.745821451044376,6.284805172710764,-5.585404537147662,-0.32049303731904827,5.6007567921722385,0.06729869929803965,0.9414217247136152,-1.1061777522161296,1.3607084794261166
2,6,6,-22.044536998191443,14.350405474808863,5.5964236553766575,0.7701623288047411,0.8400389522846825,0.247823643695333,-19.951320386793014,-9.445899994074905,-7.921758039907557,2.452061978804261,-1.2683588688854461,-0.24279036046259656,-0.8111179060731765,-1.2223378879941134,0.39242352707995776
3,8,8,3.554696234404883,-11.933226690626002,-2.3337032659131456,12.360768007557397,4.738150467737332,-4.112474407335357,-6.881728762057847,0.6626026148889009,2.6621146716515214,13.456070281850566,2.1408116545454163,0.34099555802735193,0.2963458413577983,0.7438820040133234,-0.9198041744518719
4,5,5,-16.61323658866745,4.402220989883995,3.0503718103773196,3.9962369567485463,19.146097794630716,-8.887487028222536,-7.32032570140099,-2.1154377896994028,-0.7082115874290369,-3.6942801790824498,1.4915167806249157,-0.3733459385778889,-0.3018471347225089,-0.9437514664210601,-0.9908189946514186
5,5,5,-17.66965532412602,28.771106890456707,11.150456087418101,-3.146774253518651,4.832729635376491,12.76080912678179,12.544687927845606,18.895311646109995,-9.155055284100259,-8.150318755799269,-2.7874959212754415,0.002246757896792029,-0.5411244399887465,0.21731460523287982,-0.04973687748272414
6,4,4,22.198877027734788,-6.223301780351697,5.2746118845819,4.206229300866874,-4.633302238786138,-2.2408677365220786,5.569648264504765,2.032846318404495,-12.06375520835236,3.883620129595806,4.4792020622482305,0.36098148618780634,0.3068346686014138,0.19880098680446884,-1.028509682551981
7,2,2,-4.608024751484565,0.2682339151278857,-0.935680282721101,-8.860878456765189,0.8327244799443597,-3.2504776968146105,7.408420098631403,-14.998792952059961,5.847918701218056,17.757918592067824,-9.133026808463406,-1.0170418694442778,-0.033814859482569196,1.9820590466402208,0.6931336161641377
8,8,8,-7.396445756693371,-9.60459056901045,-12.02691351467061,3.550472430905823,6.819532831884038,-12.290488969686331,-15.682186504204422,3.9011487438985704,8.6450758503422,9.591976855396792,-0.15206966069620464,-0.27714308364128915,0.6499360690319671,-0.5487867413838183,-0.5457722061764156
9,6,6,-21.708718645898866,2.2824407578942076,6.0960915172486905,0.728559918893421,-3.9115523741601153,0.178353450439042,-11.791029155739178,-1.0364469082603176,-9.325185691268922,-3.4016005371267104,-4.769046201548685,-0.23656976274864458,-0.188403666884179,-0.6881424146796913,-0.8916770605044627
10,4,4,-18.062650557789958,11.657309152754522,8.266707709251,25.53626360603082,-5.627284443695562,-9.429640972813397,14.06277017316151,-4.325733736457736,11.32997414707867,-6.197057269753069,-5.620243976313062,0.0873176904809567,0.07891659913390339,-1.1832059035352303,0.33231088562279715
11,5,5,-24.041225267471646,9.877134965038454,-3.2590775009778845,9.48776166355122,5.85762259523077,-5.352782828005832,-3.7869533456860536,3.4330144046834246,2.178530861253972,-5.488674128362942,-1.4810069785567403,0.08113774214471486,-0.43225123820292116,-1.5881730614839045,0.45367679628564517
12,4,4,19.244876785861003,-2.4279217041463634,1.5892467529111907,1.3725598965296408,5.559099387524031,7.307924816118051,0.602627083398711,-8.282069726300195,-6.157624372691669,1.245827602091028,-2.2384480684754373,-0.6861168811935333,-0.5099840181228954,0.7862851792411869,1.239799510996972
13,2,2,22.41167265392931,8.377323401727194,-5.330189804282331,-9.53275610170361,1.208014795653369,10.046298126080329,0.9317333924481032,-3.3074554984087725,-4.546168470330838,3.632661425888023,-6.690007349352239,-1.6674101559667676,-1.2707450530988975,1.0516107070872078,0.7837625116950552
14,5,5,-15.363244753738945,10.754115911907673,-1.6398093440749344,-3.407268073046399,13.188226471270225,13.174079368206035,10.538297092412899,23.68654874462873,14.956224740639549,-9.2895570427399,-3.944770290915982,-0.6818295345817235,0.08353727722795272,-1.2819197929401915,-1.3640653903245865
15,1,1,-27.00241461014494,-1.9453145827973066,6.824461620740017,-10.569893136636512,-2.4318786942821156,-7.081707724471651,-9.250923691259702,-2.2677698425507917,-0.823087684516076,8.06728019566823,7.670401274186714,2.5719214788746636,2.6219953249964334,-0.5943757236199844,-0.03967489652604685
16,8,8,2.0695127070299084,6.32573909617055,-9.980804368067833,6.590395984366088,-10.950510020044574,-9.318963594909787,2.829303117667239,8.210211690985092,-0.7564527082436467,-4.959700826262203,-5.242626390604329,-0.8376401869828409,-0.9949485287763036,0.27458593035668794,1.036167783259145
17,6,6,-5.987726305597222,0.04050820978060933,2.887771931966635,-8.984993861801398,-1.8983195930161736,-14.258389540130386,-12.448954300803134,-3.4389987500056693,3.548137526476286,-0.32864430142942685,-9.392445452496705,-0.5764240040470608,-1.7182304287869374,0.5127777453424487,2.035818501597181
18,8,8,18.82307352914431,4.094423580692474,12.959888669309967,1.194368553187833,-8.16206808869441,-17.47022735071634,-4.944880504810157,4.357844570431454,-1.2227849059209928,10.27426411054546,-2.7815187836665487,-1.3980560440045628,-0.8000315634420938,0.9794825501799327,0.5294135811793375
19,4,4,23.196451470420318,5.6657359681964765,-7.202525551296368,12.049967088542449,0.2854167281106565,2.174820121264178,-6.511043151142985,-3.159831171339177,-9.429099438344032,2.9824601008411338,-2.7264672377628867,-0.21319926778081627,-0.8267683785112462,1.7147188604667931,1.0988105017369503
20,2,2,-2.37615089365638,-8.15840795290416,-6.604520564541483,-9.716474237485318,2.4813173496580356,0.0854465862737726,7.960463531755598,-5.115663164606729,-0.43448710725669526,-8.260963306342287,-1.2403615790764482,0.36201291916453887,-0.39472371234701037,-0.9977317068410894,-0.409894758925445
21,0,0,2.456317189164781,-14.553993326331872,3.343215867853439,-1.5700064411417043,-16.632857783837288,12.035521317919853,0.9490038179045992,-6.940555100255831,2.2703720725751717,8.00675990769131,0.2810721082812927,0.8328763395837893,-0.43511454356866464,0.45666454420080216,-0.9552743006950563
22,5,5,-2.480122292435154,9.110468386077843,10.708048145638571,-11.152206035166266,21.296336664607527,6.336594872238599,6.999296287380623,-0.3135541363736449,-8.850789686775123,0.767386518270312,-6.005232811564836,-0.28737794876869094,-0.5270667446258603,-0.9333032793254479,-0.566119211780071
23,2,2,-10.363773758318436,-5.5746805116063145,-8.750594271710014,-18.033571187130587,-2.3599881608638436,3.9532879783734267,6.062170585031097,3.987484654820687,0.6015928171843132,9.705013913482478,-4.539454622529996,-0.027404213047672155,-0.11217814681140506,-0.7653053855489003,0.07492240214155232
24,5,5,-16.26426637054138,9.385975536543278,-6.115992286794731,-5.219513437995815,6.090625072856844,-3.663039346115929,-2.1444371167712006,11.663743183636242,-2.434445614026396,-6.313764549956253,0.26331407158297154,-0.32533621664056595,0.14585164191009808,-0.46942070746926123,-0.310200726353004
25,1,1,4.559372214427777,8.737501680146497,-3.0375656296626703,-8.537124931219925,-10.141092178986252,1.9447155268745704,-1.2209394738303225,-5.230913871635372,-6.445000690316909,8.174522108341984,2.092881649354184,-0.9063922862824672,-0.2930080001895638,2.1209990311208347,-0.05016618662293465
26,8,8,10.414291708552573,-0.9304610623394504,-16.605690708496976,-0.6275535596921877,-3.0567277698632553,-0.14466384345304587,-10.596879967951972,1.143202177778862,-4.450931427907672,-3.2928576671862135,-2.083728774861445,-1.070673285597973,-1.1684381904367234,-0.05427663278506316,1.3291815350223644
27,5,5,-8.076139776268041,6.237446780871604,6.9757128623412035,7.587091141439037,18.494533066829124,5.054276409376188,9.846931378733533,2.1238951458892856,3.0151163029258847,11.01514947289462,0.11834428152367867,0.21156200468352715,0.5546542963118564,-0.8140047589447758,0.13684721760392984
28,4,4,13.513707307179068,9.350448176741589,13.0802212483522,12.869242293371235,8.262664986271242,-3.793874863118011,-4.457698796652146,-3.429031798015961,-3.226371103170074,-9.15873421680827,-3.7176028979787823,-1.1208519726204884,-0.7586468617304535,1.1901207306405712,1.863812958511732
29,2,2,11.921314983149848,7.693744059535482,-11.942623216424147,-5.616196682541804,-0.10817530165410738,7.630363802586648,3.9312013508399724,15.726770796345013,4.931276586592273,-3.831874798832474,-2.0398942585401456,-1.3065380844365024,-0.8326604053314727,0.6069783635831488,0.6030376602877243
30,6,6,-4.119980870374614,17.584053084721535,10.88169794955279,-3.319720049059811,6.429250190900397,-6.653225889313826,-8.29196397693836,-2.89866893297482,-0.24152814580597268,-2.6187024076206455,-6.226444517328549,-0.5308624890946178,-0.9150616543596956,0.9332343740990998,1.2919352278421024
31,3,3,-2.156445521582698,8.97801591634439,-21.190093111755786,8.108570059611251,-0.9735649577178432,-12.09518518568065,-8.056503405401523,-21.42444629740667,3.5458274115425477,-13.436419146049467,-1.9077966960234798,-0.5517712954874634,-0.02685755072547254,1.174621927835041,1.346454394653277
32,4,4,5.096190777895633,-12.709527409810578,-2.925307245565215,15.553980231811886,-8.807454205020468,-7.742921306858866,10.416744415992987,-7.8054188395851,-8.965525404149584,5.194698559602495,-3.3603205389575987,0.625712633573332,-0.3206615507243662,-0.7695335971608481,-1.0195329212020452
33,3,3,25.04194282998259,-4.095145761137585,-20.666891349739622,6.286506224185647,5.790919491666433,0.8152261411332683,-10.64852485148546,-7.570194654536601,-10.399237832853728,-20.053020277076907,3.012154435759211,-0.9648066824994975,-0.40520910288648454,0.7062371012362305,1.290669138575959
34,7,7,-14.13189764027476,7.97659808164754,1.4423971915969247,-5.448248499129738,-3.38806194082192,6.808789616300985,-1.6821129176960485,14.252055255987486,11.317738173047847,1.9499598082176683,1.3147713526248108,-0.13977570307587858,0.18626626624368114,-1.4804022011413782,-0.24614060231448104
35,5,5,-12.214815890302477,-1.5318156784508425,-4.945875737008575,2.673849273804767,7.9196741454274475,-6.586638870373288,3.905243118806766,7.402231961149175,-15.903985301922972,2.3299467221980756,-1.2254267541426664,-0.23962665309354855,-0.36940576611393844,-0.5868447471426534,0.10320831069135812
36,8,8,12.906343026666226,5.280679494712735,7.350401460169607,-15.69307279802459,-9.194604855904606,-17.608261200001905,4.488889625607111,-3.4029178746539777,5.334613992452037,16.425884609610264,-7.001910279645282,-1.1208363235866916,-0.8060846965875555,0.7896451266217056,0.7918229027047106
37,2,2,1.8134160213456398,-4.196401462522538,-12.396369015562447,-6.422213472487627,-3.100222417018919,3.0769380843812657,6.217155733427304,-1.508938753203647,-0.23376938618121396,9.286751475873794,2.87994861042338,-0.03071245118029502,0.5041494739340192,-0.4581398805862822,-1.1487347722149615
38,5,5,-10.51401799731241,16.44096999412217,-9.978858892418348,7.157871737455917,7.885539786729008,9.567721484599062,-4.448343004380734,11.305795254705089,2.322570193945117,-6.864583401091469,-0.24797736757772337,-0.4567605263600975,0.23975562260898636,-1.0405980742959235,0.8362436696340995
39,0,0,-8.090748782945045,-20.810965260422936,-6.8392432571071975,-9.505069568694683,-13.878339848656799,9.27652740557031,1.6893610796353544,7.3768885065274565,5.29077302187868,-9.915670926434487,-3.460421960496602,0.8968667029265187,0.32442508232017536,-0.3535718889119487,-0.8580848263478076
40,8,8,14.97264841224263,-6.303745336820564,-7.459449478425624,-0.7675853359032349,-11.451693871427699,3.286995341643864,-0.9446203834210767,3.528275418219342,5.561508275495708,0.6705477546620742,-0.2845611466111441,-0.6299510230062404,-0.9123167400635452,0.9026179705388963,0.2026331973142465
41,7,7,-16.81193613622291,3.742080050891606,22.37256057751238,-6.661523058291334,-9.045295332411582,12.576122453608,-3.419647298092005,29.225848300350055,13.061262090734926,6.936016475448567,3.465989704063962,0.5377946460447569,-0.21392082238869162,-1.6427921890804762,0.36277234299804845
42,5,5,-23.881850408221077,9.116881104077189,16.18545053367813,-8.81021529207256,-8.082583660004847,-2.8057400854454664,15.913743020041702,-1.5292610523368382,-3.7622528803260895,-5.1864409452360185,-5.662059385939101,-0.42816483264018884,-0.35497671725246677,-2.427702028987418,-0.0430155009036169
43,0,0,2.756648511508928,-20.89741293125056,-1.1203563603197275,4.465164547317891,6.263828495368504,4.311650664645703,-6.03920193176967,-3.7455470991933524,6.743877973209357,1.127944406669771,-0.22538034856594008,0.6465512638484184,0.22081241746306968,-0.2020598280462102,-1.0843035144040953
44,0,0,-1.5401905114939332,-17.520482171064813,-0.6144947873759529,13.53060890106533,-20.48371540965064,5.42116540059736,-7.794978903866785,-14.586283049553865,-5.891925950458179,-3.4933951745530445,5.020422407063929,0.980538520000007,-0.5647747886951116,-0.46646415137547814,-1.1261479370148624
45,5,5,-11.310214618824928,16.96314549148097,2.6825440995451464,-6.5149745603801446,5.272025218020239,-9.7908150630343,-0.7933727890041415,5.679724771018744,-18.275153114170113,-4.617725062119663,3.7489435234852824,0.6845252964470631,0.29743294984268925,-1.070363418317281,-0.37615867054598373
46,0,0,-16.893103493065535,-3.665016785323733,-8.034486281046426,2.562731198671961,-9.80664687829156,8.113330852089788,2.9573315904420654,-4.121122187693014,3.460018306780629,6.980810202213857,2.903597282512676,0.004525907350102343,0.21508362867320313,-1.8352237472186441,0.23486979421688484
47,0,0,-8.99390345403808,2.3526971373051024,3.706361348366986,-7.075173146901857,-20.445859531539195,9.123969350464286,-5.092663423840625,-1.0167890792240801,-4.99089459797674,6.7952460916386555,-0.6058960708974687,0.38984613500840226,-0.3978281406413932,-0.5717209213185896,-0.45556409169427275
48,6,6,13.732287142493526,1.3977121701434345,5.057620976195365,2.6035716490578764,9.93347878554828,-2.367397099098416,-19.4585798731079,4.160185249016558,4.914790215380431,-9.463465488041459,0.38029175464618203,-0.9608251053117582,-0.7541177412730018,1.3662119717541519,0.10198660956074372
49,3,3,4.484559514415825,10.960349191530034,-22.39026340016229,0.6121184852307338,-6.836196612739771,-5.650472793736582,0.3249188627930811,3.0383035354998955,-5.718667569389029,-10.359708871478022,14.0845715509477,2.543515416875568,2.591930014372955,0.521488346892044,0.011359724122137222
50,7,7,-6.9324558827775595,20.816430152015165,10.480360052546938,-4.375316916236726,-9.56778742971017,-11.185277246133987,28.8848785312741,-3.8609003333405516,11.368876177319912,10.725394364429777,7.202074971129179,-0.2249004107352254,0.09318578071252556,-1.0826750582532603,0.6865996719046463
51,8,8,-0.6123130103294938,-13.833825177137335,-18.83124184010361,-10.412367199245857,-17.926603383952493,-1.6920167866416742,-8.537315171818856,-5.036703493528905,6.555093451226639,4.799614993283584,-0.650826442528119,0.31342681003946293,0.00828041380763509,-0.046983812285135415,-0.8187032572428272
52,8,8,3.3007277934029435,-5.472974420354298,-16.114009873609913,15.465990388054651,3.553995233504629,-10.104491552693684,6.508639165827557,-1.3732857770253117,5.232555214680194,5.96124234256397,-1.4503726472167955,0.33010843574821,0.2970587247227831,-0.882757688018771,-1.0895714501326519
53,1,1,-0.4168413137192677,2.773346551365415,-10.341695901115491,4.3656674644255675,12.656784243548936,2.249027302063325,-5.440947841617903,3.22902213370792,1.7683000351267657,13.724450681369525,7.0721072058271925,0.21542595719824198,-0.03802364592446626,-0.9089340985222508,-1.0785634497001655
54,6,6,-2.659974864262793,9.483966165503533,7.940707652011091,-14.484342950559611,3.2612521770885636,8.570131599407397,-8.790444200433118,-1.8428338595014224,-8.696020579391808,0.46723926160281526,-3.2398353351836437,-0.5327497721621623,0.4866594829722364,-0.678246599704962,0.5743398419323287
55,0,0,0.08499722680016504,-13.997765447633062,11.206619295817731,-1.3676168947892793,-8.51460546172499,5.373152557367989,-1.799402819168545,5.795049049404779,0.12495512244324343,-12.843110728439022,2.3922449217338846,0.9216559625482281,1.1349776361575143,0.12618773133648978,-0.5741095513915042
56,0,0,-8.546767935862558,-10.594519507282998,2.1480628880532224,-6.732772510073715,-5.287970505310865,8.836566257058845,-2.5821971242660853,-3.604970110702352,6.664765379188975,-2.186854263058073,1.9335873769607437,0.8234255190439045,0.44211470893419913,-0.0787860037847675,-1.7218282354833079
57,4,4,-0.2053733958987091,13.911507946815998,0.3622817617635156,15.9940465586075,6.063846421002334,1.565370972710982,9.870691428568763,-0.4926217978523503,-8.020949092207227,0.586898025008144,-2.408252841267557,-0.9942914924443326,-0.3450643393549819,1.1741670714740409,0.9222872452264946
58,4,4,18.801054003726975,4.8101742759245605,8.561152045669951,9.051481360036773,0.18585078183952933,-6.264953304529613,4.907947894736695,6.964643789517797,-3.021695141156773,3.6062403135580117,-3.5026234083681156,-0.8321114452463417,-0.07248281567101035,0.9285595389395864,1.1937573137248867
59,0,0,-9.47103695104434,-23.070701879704984,-5.136932171215186,2.2051054246000907,7.166125324006555,3.750200302256628,-5.548013606962953,-2.7216098544450475,-11.122675216142554,0.420150673539105,-3.644344425972856,0.6549361650737664,0.5122729720248775,-0.380171294926854,-1.1692699086474054
60,8,8,3.8950363631073945,-4.1664248674676365,-3.645499915006416,7.259091297103961,-0.8940208123597583,-14.589317657620962,6.923070940541743,6.482375730183993,-15.106309194924489,5.299513877174509,-5.568617043827306,-1.1821418297078794,-0.5786619792820046,1.1409737556388933,1.054258291134383
61,7,7,-16.95131784176095,5.813743205598954,14.017550975522763,-9.045945525505104,-19.21543262940971,-3.5428580097377065,-5.226529248475229,3.303986280878978,9.073325277288175,3.623806279389842,-1.0602870768770214,0.4230355959571912,-0.028890898805087568,-0.7303463035494759,-0.4424792814704014
62,4,4,9.814180895581503,-13.458284845065563,7.940269500795831,6.1909193187035365,-0.0009615863973770266,-1.2190327945629165,22.055135304551207,-9.776639198331047,5.762482661534977,-10.564282465121215,1.5901684917991612,0.24020829343686828,1.0273485191070268,-0.09602628144947885,-1.0008723460567475
63,2,2,4.121355574714075,11.742639993467762,-6.532877782339035,-5.685723133393671,14.932129003537748,3.439691322510624,10.765698998862431,7.196970928527357,4.5780791811879995,1.2628886079521904,-4.10590456549562,-1.427964895077081,-0.0730950970155159,-1.0053745001461163,-0.15903622162425032
64,6,6,-6.0250434421331756,-2.571521708754175,3.6885970330462055,2.154702312770815,-2.039685262551585,6.071618670095723,-15.800182404829233,-6.980082119165349,4.48177815921288,4.283881117377021,-6.063693177490716,-0.9409156273844694,-0.8984132694545819,-1.4031767530070796,-0.19678802792532113
65,6,6,-4.971291917330431,0.37236942731516637,-5.711630358477456,-4.628677580200906,7.92801371118991,0.4087704809840802,-18.596942134248426,12.607803019047136,10.030252996425723,-13.330765151118628,0.008635095141050833,-0.3154169420914045,-0.1726174681154617,-1.2994863054032322,1.019334888304898
66,5,5,-9.214591598273056,-11.835299605284947,-0.6401682607422559,-8.914254575794313,8.883984908985356,2.0458948178880956,7.046377380704186,19.113722549014977,8.184995483963954,-2.327891115455122,-3.135475620644759,0.5845038546474004,-0.6407879167168952,0.10284161303190091,-0.28778804658011836
67,0,0,-15.132344551512618,-22.00543531423467,-7.0954901910449495,-6.780397436312345,-0.883084950725971,-3.31214048137001,8.82110031791376,13.107003083389305,-7.2253019503305165,-3.8357120041439927,-1.0052653813888932,0.10399526404404162,0.4172371307683621,-0.8570611213244461,-1.9696536686040953
68,2,2,-14.560424646523757,20.12345457121268,5.6828062168653,-8.368735379933225,-5.102102725594741,16.295001339991046,3.7336378478222985,-10.945523735524269,12.576357179611492,-0.6318925973875972,0.15528980622358737,-0.6187945875652044,0.06830577522969482,-0.2947858510370704,0.6742153449989854
69,6,6,6.5614332692292505,2.7475603552809744,12.730702109414096,2.479750344261502,-6.598515800661122,19.26156727404455,-23.303918467956954,-13.166758944689962,-12.034059368102557,-1.9476229118376165,-3.670426275399653,-1.0282010218224067,-0.47822020432619594,1.1294017546033852,0.7690106720675781
70,2,2,-5.761996270342846,-1.9600899710551711,-12.095603443731584,-15.917087610016337,-4.229870954809423,-9.202902365182684,3.067344848782523,-4.351830062565971,4.914291069803922,6.447209839040672,-2.8309161105602607,0.7489017785949275,-0.9378903292025121,0.2619901634319742,-0.7884935897918788
71,0,0,-3.5637181745785784,-13.872969122627035,5.179540269897711,7.91100700552899,-8.640350255445833,0.697629946386971,1.6392765929505346,6.841492516563706,-0.9140748159979398,-5.066768720756058,-2.3122577132953177,0.03383701823550346,0.570503421317982,0.33762859065636464,-1.12705962767608
72,4,4,18.50602925720116,-2.446369507448343,0.9223282213412699,11.461713121866861,-9.302192325620517,0.5540388212697301,-3.345717053047312,-10.860310098148052,-3.981099850419295,-6.443696584506983,1.2352188087084461,-0.5779251459147673,-0.47954088131406153,0.567454582294422,1.1580495422170034
73,5,5,-19.572948035937365,3.453991794151844,12.931358378497013,3.269101013067063,8.502188976732837,13.949004224784106,5.943153837829278,3.3866756693886013,-7.876948649218551,-16.862106453761466,11.404504101453272,2.639317004458815,2.693327543147073,-1.1061533652698978,-0.6868799344165035
74,1,1,24.348493050432072,4.838999227680024,16.067692740971957,-12.287651962096284,-5.313522970822284,-0.07616789242928626,-6.206892408814779,1.7757238295326692,0.2081535042214154,-6.5709546461418205,13.069202659668182,2.717661842933454,2.7762486430362885,1.3072932124079941,0.7928295837659727
75,7,7,4.8383037107829345,-11.997594537100527,14.419931427142767,0.28769143505329403,2.1292296052339625,-2.043496541535931,1.7472335707683928,-2.269060183629838,13.606064817177552,0.2582203555572509,1.2953393048677557,0.626046391970546,0.22425781962479166,-0.3287384845872733,-1.641481394480915
76,4,4,25.3487678155858,4.026154382667834,11.914630597937984,12.349969424708087,-1.237388357082783,-5.23174489171282,-8.59911852449367,0.02607111163229187,-9.132631173079991,-2.0666640398230007,-6.944620304828645,-1.1645156614244176,-0.6480935353186305,-0.031807218032897974,1.1300079756053605
77,1,1,6.798178372817685,-12.95552306468157,-3.9790212220120105,-7.333417949303438,5.982498169702593,-10.972028870179082,7.411987923176868,-6.469871475749107,5.898201386029309,0.29085011989854087,5.323532852293465,0.7447038570301764,1.1480286113289244,-0.28542122013913496,-0.9885740997623509
78,8,8,0.10359732818402138,-18.816322265523603,-11.342886020023842,7.225173428165482,-3.8580603422743533,-5.765186007085334,10.509367529097162,12.04224953610562,7.903301103182551,2.3766718755572445,-3.4414629984893472,1.0045365534224084,-0.05588980948485478,-0.7530816458058265,-0.8368249508480172
79,4,4,10.384438823247272,12.526031527546877,5.782654843968896,6.725667514168489,-9.76945296242336,-0.06847099233275653,5.460628879954749,-4.010159740607449,-6.645004587477517,-18.99865048911315,-3.614427384213034,-0.37448296747868215,-0.29789931742769615,0.955771834896441,0.1603327241931723
80,7,7,1.6991210834152122,-11.450718997147302,11.684016917378454,-8.124737638346618,13.631254101412562,-3.3435508418993374,-1.6131845502693123,10.189542604691175,-6.542185554202677,7.868013254635955,3.2603904126505845,0.3129224062677729,0.5486665791475906,-0.6733555038336199,-0.5824815826223145
81,0,0,-10.174442629833546,-10.15113385766271,10.946147279488656,6.355466674687316,-8.496627845435784,3.3691919144476503,4.6106325532858525,2.6239881070561513,-4.225130915189148,-3.312189226775033,5.195886068909785,0.5253946957498518,0.8337599058302855,0.025297778143376082,-0.5408117574113979
82,0,0,-4.071247213293986,-27.161895151611866,-4.723471025133503,7.806211930607963,-5.388686740066593,12.566583193645785,-2.980416098450801,1.1522680419679456,-4.014396033442304,5.9086929049266015,-2.1056892741988604,0.17945508523492054,0.22436354734967906,0.5325746386938712,-1.471973250963419
83,4,4,17.465876426597635,11.23247914387033,-5.051782817141715,7.384012127493516,-10.016711557521475,-0.06458212380550085,12.048915624850046,-5.230541640693521,-11.833705018380703,-7.178885734152521,-0.513689723236247,-0.9223018534721128,-1.677095265153941,-0.06904423920297502,0.15314406830955807
84,3,3,4.797464108657131,11.690344360043055,-18.516211975151805,1.111851486468512,-8.790200010885753,-1.8856954330288005,-15.378055795312202,-13.877543558799335,10.81241495391788,-21.031979250588584,0.9866943680877737,-0.1844560962266927,-0.37924130582903504,0.927465957948111,2.0316237534198835
85,0,0,-2.061966533510494,-14.354012260598385,3.5726946890112385,2.1940440124176273,3.601672096810277,10.747569035511601,-9.8246507427254,-6.104701443335061,-3.8167884719706473,-14.728627642933013,-1.0288407347992534,0.8466063969283859,0.9250260015051402,-0.7006390160761545,-1.2398909589355611
86,8,8,-6.328301562629561,7.1837325322334085,-1.7652062056113345,-0.21188852872086428,-2.8354930847498863,-13.338047266227965,-6.741377299492034,15.549443083629525,1.416449495273299,10.590995589851676,-1.1229488909180396,-0.6888593663409068,0.33701685780977025,0.09285323967924171,0.17788141543901329
87,5,5,-7.57508952584145,5.043453188965239,12.358560164469534,-4.028675095563447,15.61810717024833,0.601200937374483,-0.26054637596386077,-1.7077228851607047,6.237215071440889,-3.1711071686302437,-1.0643221183456961,0.1291031854096771,-1.0944253989797617,-0.7539840782819925,0.8320186074393245
88,3,3,2.0749944920637406,-1.0952239004622404,-7.482966085147625,12.004897605520537,-1.09066440092504,2.001942163649531,-6.327005032647185,-0.7970764217673166,5.297740394789859,-11.751477929428688,-1.4353650595693084,0.4185042498939199,-1.1164003538484042,0.9090894139735797,0.4999551479835757
89,8,8,17.834920806232212,13.95130010409918,-7.294833999403072,-2.0993752784827038,-5.584403285961767,1.3006162561297867,-2.4483182912477086,6.6646759136377955,0.029357215159339152,4.865530869736114,-3.7476990217437813,-0.7962049319971187,-0.3130751998247065,0.7321089351951073,1.5918085026220463
90,2,2,17.347388368443738,-7.387811232138599,-4.528819967358036,-7.755413992510115,5.19260871537275,-0.07012536668089547,-7.7085807195391896,-10.735253513582496,1.8738896279636001,7.375231026742129,-5.056752140541773,-1.069101518910411,-0.8764710705033505,0.7368632663480126,1.340499349729471
91,3,3,-5.725399717726233,3.0972502001524735,-13.516047443191358,5.736982662682284,-21.752829978343907,-10.53045915289739,-3.408570208367268,-5.0869294775992575,-3.4897845075576965,-7.291195571545613,1.9498510826628201,0.8603079887653982,0.0655487498678474,0.10121431163598649,-1.0144954255764982
92,5,5,-18.67111313295913,12.67694915722362,2.081824297595608,2.4916096416626092,8.361674635270512,2.739090176015448,3.419445008468086,6.51307778649052,3.313141100759135,-2.2554937714375565,1.104423104017406,-0.3798476574564861,0.9035979762811932,-1.741474428499923,-0.1004650854007666
93,8,8,4.643048982510632,-0.956837865484745,-17.83561205063277,6.421182553823318,-6.118138839444151,-5.474642438976574,4.52870768063742,-5.681707516090224,-1.6998321865917083,3.707147222713205,-4.560673231288024,-0.81648117139424,-0.044940881621016115,0.843544769020055,1.2559360559967434
94,6,6,12.85068427668076,0.7347549704626243,-1.6093688136768887,-9.96319304973916,10.630804280711457,-9.308076396449612,-3.1814467128052892,-1.7129309413677796,-19.168487334682588,6.084137657122605,0.5345402806068703,-0.03270967044436428,-0.949369303420528,0.8405706601930583,-0.07243982547060576
95,5,5,-7.865697238819831,-6.086184788747211,-6.572819861577128,0.6244536806210854,8.863484430851312,9.951540009259205,7.183977959803689,10.032828899873115,-4.389031161978705,11.470166906504039,-0.6891867727545715,-0.1643920522905305,0.41318155400426404,0.13615479904362257,-1.3325210245941321
96,2,2,-12.195416639376322,-7.584320416876342,-8.79784196855137,-9.098944598592823,7.506661821165208,-5.716620776905123,14.59630175023849,-12.185930201470862,9.674179237777004,13.225568869266992,-1.4820959287583813,-0.37543267393260865,1.0004204254616256,-0.8496241757487635,-1.1329397873901854
97,5,5,-15.909988946327614,7.0688572785847645,-7.914960188525855,-7.246908587406667,13.766846748323509,-0.6458802729215725,4.576382696194459,0.4397128075753922,-7.628125507906882,-1.6869686882855557,2.7954686204675165,0.7077843775833943,0.9397249756816217,0.3119375975090739,-1.5107490802070362
98,5,5,-10.114221619819942,17.059929497723118,11.502585425088677,-0.8461314870929877,-6.965555827002823,0.49521875255070247,7.89361291434938,6.763790329446378,-10.996715876832104,-7.42147068774666,-1.3111274840931253,-0.9842845134395123,-0.2372833114605193,-1.4036335993077205,0.2423007588429432
99,5,5,-27.274193555183796,14.174533347943095,-4.601639245382007,6.293133178475806,10.968197122824003,1.70628544867912,-16.361585826057937,19.9644010080975,5.447090502825709,-2.8557407858065034,3.876652729822684,0.38917785174830977,0.5048222779375464,-1.3502822428920964,-0.137022663809097
100,6,6,8.97746406484647,11.894483858608032,9.913578304479724,-12.941100083820922,1.574559745887778,-0.3779923289119256,-7.529045631606285,7.280380865672221,-4.641174295812232,10.92427550593116,0.3163077879424287,-1.0235550258283783,-0.1114759535565589,0.6027228389083786,1.6793043295045718
101,1,1,-0.10753098667735989,-3.9314475377797695,-1.2725829857894924,-6.229711506609264,8.38036351023839,-9.32595171498699,6.22032644293609,5.171904119186469,4.922906844238868,1.3414165753345653,5.394749951004581,0.013392796334176537,0.640478067786041,-1.291145416918149,-1.0185087822984424
102,2,2,10.43884967395811,3.128136807814847,5.208940140093968,-3.7167261085339516,-0.9935674990750811,-4.706124655007865,1.1021097653902379,-6.905344309194024,13.087896836041041,-0.1720502790682657,-9.396181216909092,-0.42524930039085207,-0.8176076245676429,0.5050589361785482,0.6981670261898311
103,5,5,-17.69542539344393,10.912600872134988,-6.120749412002701,-2.004435586125604,21.73218321185514,-0.19324849425444704,2.48301274402293,16.1648873766174,-6.033550517540445,10.714948663524932,0.05509385690380875,-0.06267184573881177,0.09302461898848295,-0.8589425262461926,-0.27694583622577584
104,8,8,13.920070255583123,-1.7418977947688277,-0.6988080021232453,11.426772614649927,-12.961145044494893,-12.781672087808078,-7.618212105195469,12.209916298588436,6.000273264607939,-10.859782199828546,0.835072963674365,-0.015708730947365312,-0.7404914520730654,0.4090856427978265,1.3199911452055157
105,0,0,-7.768971847955128,-18.152604092049902,3.2471825133078913,-5.07645058616888,2.0099345328410885,2.7636518333517133,4.225240962515052,-6.531614686497742,-8.306370504403391,-6.066255340897172,-3.389827221610226,0.1645496692362282,-0.2314038344884874,-0.5346480872700876,-1.5035640381431605
106,3,3,4.496690875509714,-15.215470452691589,-19.176116195497077,-7.140237557138246,2.548491974925239,-0.23851099757397212,4.4757904525476935,-1.3483766608408165,-4.898121914990787,-10.948012383178344,3.6607616313819316,0.493041844695869,0.5923549530673109,-0.9294336489744189,-0.6828022298937102
107,8,8,-2.8338213284510303,-14.49468466786878,-10.856824356440926,2.8595910305603005,2.3994547110549505,-9.689515190118373,-4.909728090736016,11.936119524645784,1.1642508805543466,-1.9277058502731117,2.2707100447607758,0.47967928047101294,0.5711524190806188,-0.21611683555133093,-1.4026231417464543
108,2,2,7.298676605306386,6.8743725380980525,-2.5304034283685928,-10.118632112063063,10.833080241541142,-0.04939232773447938,4.13345428289309,0.676744694424953,7.368758537559977,-1.9733008015476174,-0.3938123678259464,-0.39769298275987575,-0.5545289987234089,1.4333759538144417,1.0006068356533826
109,0,0,-3.3685618569420113,-14.204608777886992,-9.877580145492244,6.26708133982087,2.7205666108696027,0.7091397102649925,-6.475891339599559,-10.09384876562604,-9.29753680981838,5.635897746652943,2.4856239246857412,0.0439488911716007,0.24573061827029313,-0.5224670987164947,-1.216835519850349
110,4,4,6.450160270382735,9.721067753453244,0.4614720396338533,3.665191927325203,-2.847722591910927,-6.595643635492168,6.520807718538621,0.6311140674267179,-8.054727362388382,-5.46488205612144,-1.7707714364952671,-0.5636310388156799,-0.8305524631195121,0.8640867690620873,0.7185563496063887
111,6,6,-4.425978959986455,5.003436528303932,18.248362587082504,0.13331541229564753,7.187111523043574,-1.7476682310229856,0.6729319336054029,2.9622595805302026,-1.048140487681636,6.770573884790367,-5.212541909773883,-0.6539882277375513,-1.1849073778731367,0.8846003744271291,0.42009304870161646
112,1,1,-15.070305958243285,-10.93738168943196,-5.776668989112166,-7.707252976083906,4.305432623864857,0.2299262624966616,-13.364965835110697,-7.404554585051547,0.780262511005818,2.6902732028810687,1.3539189018900863,0.7723796607334223,1.0654386591847107,-0.10800231897530325,-1.0253832511782224
113,8,8,12.233600718865642,-1.2289819835900408,2.7680131249570774,-5.353246762814314,6.303883144219935,-12.033142529548387,-0.9111888046238605,19.923058345599763,7.561813837514643,7.3789879972373935,-9.754978574035432,-0.967957116037207,-0.9943828272229049,0.2546173236559494,-0.006297654235461166
114,1,1,-18.12741950809378,8.949016257542352,2.1286084015970115,-9.07360270792631,0.11745633878431179,-1.2402762797628104,5.7878693172982025,-7.957010839681091,8.466667753567096,2.906196483903625,1.7874734833839965,0.5216553704133929,0.30848571431338545,-0.23655818527258718,-0.614871706417198
115,4,4,9.271402703109151,6.454901811933438,6.944684753313254,10.069272514276163,9.228672698822654,15.156467581000092,-2.6328159405332365,7.127261631077598,5.506485370065751,-13.18251406623746,-1.0352968009511336,0.38649503395327073,-0.724161783865488,1.3006618358034574,1.708294526000126
116,4,4,-6.255319891245727,9.696203063668223,11.69413368295451,1.8638844987629166,5.658807513839436,6.65202177358319,7.3316519736149,-9.556035115287871,-7.00662027323129,-9.147884169889801,-2.512064486557729,-0.27659699132603455,-0.46939999472393,-0.3623893417409326,0.8556635722528461
117,5,5,-19.840085334628995,6.2170749829966345,3.6654036502830385,2.3978947300139937,-1.5258711185300142,4.528437018386135,-4.946168265203058,10.581541416898082,-0.3596975023808779,-2.4209176475842673,-2.3704626686919514,-0.24110455096080444,-0.4337904113571073,-0.34072076511194416,-0.3079916201043025
118,2,2,6.064648816208658,2.5553268971541208,-3.1279745288944727,2.3273933286414246,-0.01808311242673981,10.175936791084244,4.993420491843465,9.169347413624205,7.607166065974647,1.8319612433377037,-4.553803300340351,-0.30297542350698525,-0.8147083048471373,1.450032209562099,0.34513375784239575
119,8,8,11.456695535962767,10.600715012828653,-13.012965390393997,-3.9102205678063666,-11.087759750200757,1.6158545618939246,-9.203224288604495,7.000932364480367,8.051032336583317,3.1181082332630425,0.3726147689112006,-1.3099315733995047,-0.016970533269754576,1.3527486405758846,0.2246395835432581
120,0,0,11.576873409668957,-19.488172664491863,5.681288994243672,12.044181803590535,-2.50959611785067,-7.710849651892009,-9.457821920668232,-5.415797050215565,-4.58805275524915,9.514376232506374,7.601095887296818,1.4114777414831547,0.5255145904529546,-0.38347166289405926,-1.0154177902136177
121,0,0,-20.011667092996085,-13.593768545164567,8.875317946644838,-10.117151516607121,-8.783531038732479,-3.3344449855473832,-5.990680243615752,-6.341630471589381,-6.814802486327546,-3.9807258173742883,-4.478034113876303,0.04696286057542125,-0.14160625358964302,-0.4157953217491682,-0.25366451973124354
122,0,0,-1.6490217346075355,-32.41331303732601,19.53237471977497,-1.0832575721396216,18.59734795100138,0.13619359958651314,0.6452948578602619,3.75794294024358,-2.316003762966408,0.412880170506678,1.450244290941533,0.7467330869555521,1.4436026393937154,0.2987259961116401,0.12271855367572401
123,0,0,9.107215478166886,-18.75137362803523,5.089563619053465,2.6206086525038224,-10.348888761511546,10.12397423333671,-0.3921959077290671,7.905180021187789,-22.30373375302816,-8.918236431938475,4.44714180243779,1.342420697835248,0.8189481721456355,0.6858089608724209,-0.9390718269824168
124,6,6,9.328926892034888,8.065487830265818,12.590008809274124,-5.718445360099133,10.521718570856304,-6.080026075939162,-4.954311971499452,-4.681006508990645,-7.725923719876235,-7.450937092420087,-3.260862177052683,-0.6868146005119289,-0.39621658307233787,1.231606557996237,0.7289590328442854
125,4,4,9.882113259489385,-1.965850228832023,8.490300309764859,2.701126573886128,6.017051427196607,15.393368689535842,10.233280919828227,-2.288204310054816,-2.5808722559514616,-8.627120508131862,-6.118406480189334,-1.5408700147521184,-0.9024537376658002,1.4504399470210534,0.604339738740815
126,2,2,6.037419294927863,12.057294347947805,-15.657989663444996,-9.513462851087764,-0.7528256737890715,2.8172176829426934,8.13640036955353,-8.654791703924088,3.079527374027069,-3.127760815372626,-0.6976927346273543,-1.1063896338032038,-0.58128556099501,0.8013973882646231,0.8132457376594034
127,4,4,18.211150078155477,9.664299706609757,12.804018122510687,-1.97138607071729,3.552568522670251,8.466107699874167,5.952723699073094,2.367993083124386,-18.751820863909515,3.2791702706938537,-2.7532346277292716,-0.5347487988430012,-0.45238750333449057,0.7536246919445919,0.8348207258842818
128,0,0,1.6455067218773987,-26.899142779737783,-10.20387942054871,1.2826272971255095,-13.8682380586332,9.767968796906118,4.8033897699844434,-9.349499183616256,-7.248934029847323,-12.72664208580228,4.319257394385352,-0.2299658152315028,1.0567074812636865,-1.3682417068393289,-0.4288932328827828
129,2,2,5.775082935811514,-9.653524102630117,11.461423920743252,-13.463123994207821,1.8694345405330601,9.163079901676848,14.744857152624125,-18.77535594079874,-0.6384690996283242,-14.732701063415831,-1.5242961068306367,-0.4195276087289795,0.3032817349178182,0.10793685476344714,-1.4547358406840243
130,2,2,20.20815126472354,-7.178453492798202,-14.49066344767106,-2.587973482402491,-0.9064875904086221,-8.834954805057777,4.418932687311537,-1.1247650823368232,19.961307814281493,-10.657023271668933,-3.056816406372071,0.017789288672457926,-0.7549736149488018,0.43634863363767007,0.5560817855783585
131,5,5,-36.20060053848954,16.68497485440867,-8.80278081334062,12.868835831049411,-5.081850959670864,2.2164022793369758,8.011607150332248,7.701096062955226,-6.695434338254688,-7.269858005911423,1.5177986378157138,0.3807265201382715,-0.6457005343702737,-0.43176722906707676,0.5000976146941293
132,2,2,-5.956164678958178,-0.2615353333972304,-1.8858033885384042,-5.851408761823191,1.61568997078212,1.7050583549509384,1.774840020093882,-2.29808979129965,11.184606000200183,1.4067212150931623,0.9862639496686125,1.1491438773524312,-0.06434903767922816,-1.1049016241027902,-0.7236764575477899
133,0,0,-1.4648759375650284,-15.809189198498487,-2.36497544245029,-3.836265450193895,-10.456269777112071,2.761272620456722,5.632916554755667,7.327075635016818,-6.696908602474123,1.9143095452430314,6.847726053416727,1.267204926141077,1.4476254000807247,-0.46953007046353096,-0.9237127842468865
134,3,3,7.270222265814185,-15.557782970644613,-2.444398101363921,3.8436718988476963,4.3094689679232285,-10.60973507721549,0.3936813694729369,-5.160797232651796,2.007853451678216,-22.06371329420968,7.642710000008365,0.6277379231190164,1.69872106920196,-0.5404461607752732,-0.8335196422388446
135,7,7,15.24770456357782,11.181682515547568,1.4816221577212407,3.538149316293187,6.435007471793065,6.914685496958005,-3.3709839488826105,3.917969835592353,14.090603885636112,6.504602068805813,3.0488367256907156,-0.5522813227533135,-0.45301306153085663,0.206103302228003,1.301504578511283
136,8,8,-2.4898526588221257,-30.426545126324857,-5.61955676656045,-13.161313836709416,8.900433034476498,-24.873762871989598,9.450005243256157,10.31120433643331,2.8405748884944413,-2.254861131985779,-6.816811570016247,-0.062042875749796236,0.8551961329582382,-0.4821581166173612,-0.9870634774634676
137,4,4,12.19808275933739,6.003248388761699,12.136365506527131,2.05943357020953,10.994219949740083,-4.285690191431852,12.343380913458942,0.017128811402969814,6.225001627637945,-16.278333661482293,-2.7728841561100013,-0.4677370839884155,-1.6582395917623138,0.771739121471731,1.0709774838428894
138,5,5,-25.11615174898525,20.752819568697298,16.356801260160875,7.5977424552503745,6.4388002109034925,5.678147007868821,9.614486857817587,-2.4339958788490748,-7.5315658406188515,0.35220716624164705,1.4253666717416051,0.02577155219214946,0.34393091455471264,-0.9103333233166913,0.14743563162608767
139,5,5,-18.584015592577547,13.183803742446967,1.515508334898763,0.5653058176212166,-2.587518473441598,3.032318752520818,15.821642682396098,-1.085243690027718,-3.5369374344906377,9.778815032930748,-1.4204951703655075,-0.08041065620259254,-0.9353061575699495,-0.03351170983499564,-0.31083702114330436
140,2,2,-4.996045785499342,1.3179013955263752,0.7869783175761272,0.35854345767815693,6.737838064716955,-4.110191741459679,-0.757790146096564,-0.5442602162173905,11.106424761064446,-12.482479765820429,-4.226241131065716,-0.8743532171834886,-0.1369768221110284,1.1991000435332697,0.5658545525657687
141,1,1,2.0543026630291767,3.0000375494859717,1.54285643752724,-3.4517610269038266,4.966333355940085,-5.998510998185487,9.065372791090589,-11.326489722337387,3.4817025859503574,2.4525581858307786,3.984628552772489,0.46538588587741725,-0.5437758123985226,0.5565051396807406,-0.0424468256878555
142,6,6,14.141541610086605,8.20293246898272,12.888136102679505,-1.594635072958809,-5.800285864604373,17.024382414002513,-3.143756738296815,-1.8249948690832494,-0.1294108314803129,7.746581943023501,-1.4028158140662883,-1.0694980238167069,-0.4149664358148731,0.31795294816931446,0.9835206012647373
143,6,6,12.93215477974627,10.755350814004176,-0.17485992488143437,4.331782541892537,-7.8242117961865265,-4.110083574833282,-12.875377477458636,-10.101164305724515,0.8073847206260334,10.64452891125777,-3.9589816123775208,-0.775988684390484,-0.8571857863529807,1.7141945342831673,0.8898593390108086
144,1,1,-13.766166153090754,21.869023815050404,0.6755351784380998,7.309590903243381,-12.050211355615959,-4.779254198472299,10.13892475873146,-14.22639071303407,-3.057786817876155,-5.694047698528394,5.866495959759081,-0.22004146371987282,0.13139433879760645,-1.0501398997077331,0.298019511315777
145,8,8,-0.3697825364678363,-0.8975994514041163,-13.012484248392674,-5.310126622590323,-8.963997612062897,-7.5663466104095765,7.433062192973978,11.38011083575114,12.791016909933946,11.28378476691469,1.5927032588746974,0.3666055811453767,0.5791676539936983,-0.09451337212182877,-0.6043299292336265
146,0,0,4.611702830237704,-17.87243987359569,7.687685027713427,6.259733746879315,-22.95406194413089,-19.63705842854548,7.3132801325827534,-10.30393034184548,1.6780189874784963,-0.984979668295161,2.0575484906696717,-0.16319166811994343,0.773331793324476,-1.6230589750680209,-0.6674508490576119
147,7,7,10.70921833689566,-14.661063430613227,5.659984920895943,1.8269996324061586,-0.7183019753678619,-6.930046399504692,8.584431316466162,-2.7871319759257327,3.238705555393585,7.0361010753254885,4.92834655993793,0.9505974803664831,0.7187346680406755,0.3218256195165518,-1.386772244922499
148,6,6,18.374864578671193,8.946669313921127,3.608075055061299,-5.220342777732085,10.462757068680789,9.561362570438153,-5.334571980670407,-1.8325338403750633,-1.5368189710304392,1.2083147592340413,-0.31505219784217836,-1.1003070949227427,-0.7695120677325429,0.19138374234251626,-0.11804754702501956
149,8,8,-3.869693349329813,-15.891910391893754,-4.596600868006492,-1.688853842000419,-12.401292770501005,-13.366929339679594,4.310752027860369,0.6184350604096042,-6.248789793933698,6.883780633293078,2.448026557718856,0.341790096358096,0.9942455023681053,0.6494634237399771,-0.7795621175557321
150,7,7,9.442007811949972,-5.724387519671777,17.707966927765455,0.8866444442309138,3.2874961343225824,-3.403373835404404,10.753774554006005,7.835880582840336,5.574165840829755,-2.5184576598990893,6.72066470905396,0.18757132856205025,1.0353016110479762,-0.3123232841109346,-0.5036626810038847
151,1,1,-18.511769114258747,19.44725892309853,-7.107174650424478,-4.063791366432077,14.975655804205859,-0.317651735792502,-0.16799134969172297,-9.92801484388856,8.302703405373855,13.15074724308266,5.9171199976655275,-0.11794061818553776,-0.5861990763529483,-0.8898434832528663,0.4642698061376165
152,6,6,5.7008639625100095,-8.27633652540028,9.275489032654349,12.166551495540894,3.905352695252887,-12.808545331732114,-16.785456202492863,0.8267147735341999,1.2618384115230064,-4.084379350428732,2.1461186047126235,0.4358017303872053,0.8587223649074611,-0.5062160056221441,-1.3451410606832657
153,2,2,3.6579081494373646,5.94512469796106,-5.2192026821864,-7.697398428533394,3.30044387841044,12.384445213835143,-7.629739165482869,0.5243490222335896,6.010652955107445,-9.278724686512428,-2.6624699154119136,-0.9521237755579177,-0.05000692396766362,0.4220542662273178,1.0941448512282481
154,8,8,14.18275147851858,1.9837964137371624,-10.951465735106503,2.1358339134838675,-21.634322886084405,-6.196038519822258,3.189233411362159,-14.220979572071347,-4.901035081650135,1.6797069386777588,-4.47446781028899,-0.9343146270733641,-1.0064126959054953,1.2450652247122265,0.8061558671024601
155,6,6,7.215497086646613,-19.784003813265578,1.9485720883095072,2.431319819734168,6.248327728587278,-1.1065627640142028,-23.093637976353907,-1.5523214775358634,-4.143466198359253,-4.930948651783988,0.31067169637591396,0.36773924676001746,0.33505932406096706,-0.48026474387929313,-0.44080982372639
156,7,7,19.68561935898106,9.869731459585521,5.684820032841969,-0.17013690730620776,-7.613139171000116,-6.416324004986167,13.848423843717473,5.579889627583054,12.239582439833214,16.875130504217413,3.8305514193673247,-1.0012667658302603,0.2439924094675804,0.3664408507281879,-0.02711455678487997
157,2,2,-5.119409830163516,14.704925058085685,-1.8499176141212323,4.395713368405901,-3.905813856704557,5.507496336858829,7.977243490198068,-4.23363488744254,12.605123666096206,-0.1362693701848033,-2.257993725462685,-0.12968772131580897,-1.0706224578410561,1.1497226945856496,0.914474471488002
158,6,6,9.098220014610195,17.073229046359966,6.290133207527288,-1.7636018029282632,3.5292426873890044,4.190212396208583,-20.99176580710768,-8.768207176218706,0.15810039759295122,-7.000357920389007,-0.5208642998944052,-1.070977650607267,-1.469960104821308,1.1091414606093133,0.7916883582073939
159,0,0,4.466747686720032,-19.161769623117113,7.332919382522152,-3.1160406837787806,-6.76559538450595,2.4018292189468737,11.0361408918097,2.5131104659807453,2.225241572653298,2.708489918597137,-1.7068974062344895,0.10291009419953152,-0.5427546658245423,-0.15842209866786916,-0.7757024944714769
160,1,1,-5.351153481364726,-10.765967987604755,-8.531695337135423,-0.7450780183024729,2.115046353010901,0.3470660681703256,-2.2190482712940747,-11.843953756643646,-0.6826237766085246,-0.6657996831772991,7.425484965076166,2.74343221812007,2.8035243116908815,0.7923779702609949,0.5350735961801878
161,1,1,-0.7132285196068558,10.938043274655337,-5.711839292376176,-10.32080608011573,4.469783490445803,-7.959495418246481,-4.643566181424501,0.020171927937622954,-5.482888652835283,4.66545169772661,12.17183881004037,2.748857398230716,2.8092663862248353,1.094459760658249,0.5138643917755381
162,0,0,-17.55317617614799,-19.264807280776775,5.820532841890495,-9.970335459712937,7.954852450274074,5.196081869947593,7.141743841783511,6.922289661968649,-11.463829839418056,0.41541022402177963,1.0457884576553147,1.6023820803374698,-0.2058401700640701,-0.2319391408123518,-0.32391167240528185
163,2,2,14.675569334535469,12.290271994661133,-14.961790223200532,-12.497785385338316,7.6490973718774855,-0.7112160838752264,-16.323197450722727,-13.06982972943918,0.33919515511424686,8.551181525790247,-0.016497316994529262,-0.13316349660324747,-0.669273705225541,0.6920435166110879,1.2122516658650893
164,8,8,13.400602630528239,13.054625990986615,-7.3271058637953965,7.0107010732748165,2.8541359092793397,-10.314820790289168,4.324802583963474,-7.846682356709778,-1.1105972772168187,13.278089594389058,-4.623886267560293,-0.6795509677977334,-0.7490912020031393,-0.6972298316252139,0.447388590511995
165,4,4,2.0874721636910243,2.6749632771946055,0.3821718143337332,14.65620452774705,-2.3828421276617067,2.161578334283981,0.5753059928606481,2.2279457909470866,1.3479116446700403,3.253518997393374,-1.5893203332295731,-0.5699323385844296,-0.48494610999882115,0.35929862081459446,0.4842976162827921
166,0,0,-0.03270936963720395,-22.706298544969293,11.598907875901263,-2.9397702033706192,-6.036032833389027,7.835023196215521,-1.6090774714319394,0.3986765818039169,0.8465813542310979,10.885481509904668,0.8057967418799401,1.4804994662364064,-0.5411391516284205,-0.4592194049450892,-1.6040745377394496
167,2,2,21.648219465608342,0.3198070335408992,-7.909912745408878,-6.8897304107928825,3.6784215897681567,11.380682955873242,-5.906336755963947,-18.998519062134886,15.510008405282843,-9.561333982596494,-0.13446013887034475,-0.5831153580608455,-0.5020896187453934,0.4613956045966875,0.8424829203437053
168,2,2,3.0496315804223837,-12.430125524608872,-9.563375642721688,-12.326900330242209,-4.977576397822723,22.4934675687825,5.5246673294645054,5.53472662616741,1.4130090214190052,-4.84510234479199,-0.474398271165088,0.9314368154815481,-0.3478681853118603,0.8139369581594567,-1.2264396452247626
169,7,7,-3.3299222784789664,-13.21559559472449,8.575626426452216,7.297005191480427,-0.4937033840634464,-4.09337191047135,9.803122355659115,6.209982719257271,13.727587466693087,9.69480540772962,4.479741727065449,0.5973867174680219,0.22637034583841845,-0.1902166331662257,-1.3272401920986
170,8,8,11.421035392858927,3.4496390872709117,-8.049228002302998,9.756601621972749,-6.727993398934532,-11.468589249748506,-4.930884386924104,2.943660944325063,-1.7865464136751652,11.890953816366098,-5.685206495936349,-1.3840736782997807,-1.1422968921497099,1.0215386759149656,0.45510265918139303
171,7,7,-6.688438860560057,0.7883042725684231,4.8267966417786266,-3.9280794564926196,3.2004522167350036,-3.788914226271386,5.4360968949349235,-0.7221444030157936,10.823669974902835,6.594327568658279,-2.0138472791092985,0.4474581947627695,0.199811153770937,0.9617909543530677,-0.8805986549250759
172,4,4,12.075636381100779,-4.8840418340666005,-0.5359710270534468,8.836351403191001,14.491191011479723,-3.4326691275706516,-0.22125085391826937,-15.547845281772272,-15.04632009251209,9.57482741053775,-2.9183516700419387,-0.7234176825937845,-0.6791705593945798,0.4308086216180107,0.7577428980310646
173,8,8,16.188049801397668,-4.504519752101479,-12.019780453296601,5.228431221947615,-8.426274696228846,-2.832370216607925,7.110815841704363,10.248189460584298,4.068975833668761,14.681512495108382,-0.47279361890708765,-0.7371584939857496,-0.3019526558008071,0.9889082861362564,0.48243716084342925
174,0,0,-1.4845979048061848,-16.851030562139268,4.07595943416868,9.498978392220176,-6.117062257870077,5.450720079144651,0.29799447540787705,-9.109249964777922,3.507399917576001,-2.0371270711623355,4.894834185937978,0.9869873037615322,0.8709959776407942,-0.40355231639095546,-0.45956296941830815
175,6,6,-5.684476208862091,1.6010595914925934,2.795677721956694,4.558470848183831,-3.389040634789165,0.14234398192478864,-7.529075416342805,3.0026153945962983,-8.334953837227456,-2.7150200830457534,2.2389882660393976,-0.676789875951413,-0.08056648606138506,-1.201664096537248,0.2767588136664214
176,6,6,17.191940607954237,11.739558607591396,1.0959602209025063,0.47218401512457925,1.4547104140028428,3.6439909306554474,-11.174463863912854,5.18810399746514,-14.826856981387506,11.439768767208257,-0.4736426620334319,-1.085292997981952,-0.8909917929644573,-0.09508489621248548,0.6716658353383063
177,2,2,10.308174780103645,10.3505672325215,2.9174019032610463,0.22965395477680622,12.280002183409419,18.551088934916926,0.4266365906514209,-8.375575762483916,6.327916341542741,-4.899749776712709,-0.5202670034139589,-0.3555403083551532,-0.8167404758044766,0.8097803568403729,0.6435528904339057
178,1,1,-1.5216419462633375,-12.039971730034386,-1.2006674022831,1.8489143869010172,-1.2942954108959197,-9.157337674455817,1.6140521349124493,-8.2477029252763,2.424766228448079,3.6173233321608453,10.811584287226566,2.5147407682786858,2.5614745873526865,-0.31326373195013724,-0.400773025813292
179,5,5,-21.65255094718429,5.619410774559949,3.11101961075072,-2.0816332051903905,6.924232474093299,2.1662046314390953,5.090326343038784,2.621555534270548,-15.003348259173698,0.6550264952000104,-2.6373684365345227,0.24133488168200107,-0.018046713610204382,-0.14895390128483327,0.7226883767003944
180,0,0,-3.6031039261195836,-19.025031625199336,6.113102713920934,7.668957482631953,2.4369865194275064,10.684088824518664,-5.822079659067877,-10.156212955205694,16.573403152608986,6.408062186806754,-5.017156548941319,0.6880878804593424,-0.37397243884117504,-0.22338389808478615,-0.9249404410852152
181,0,0,-18.13497090105411,-18.29381620609417,-4.602083597841872,11.252890785247116,-12.305542928208583,-3.4946025216597874,-0.7889915612218584,-4.945517681425302,-5.920217240645586,-9.075931918791092,4.319410848513843,1.2321391561524666,1.27693266470929,-0.7469682458564965,-0.6869984228317846
182,7,7,-13.777265101710874,-10.401931279296047,-3.5619452686801307,-6.8070407590555195,-10.558247412491186,9.112220189381405,10.176828577983809,-3.1188970798330247,8.568058345929263,15.399263218087274,10.919828882686238,2.6637076073100374,2.719142844509129,0.3812503608842717,-0.15634230931119328
183,6,6,8.955480259795548,-10.976481476610997,6.8063604274327725,-1.7266574581293779,-2.666612448332531,-0.10905146112240457,-10.940024108178608,11.058042121701847,4.601995598370136,5.2883773567858,-3.521343358413898,-0.8202108529865713,0.11288140092194225,0.33708201213819766,0.4821403021326566
184,2,2,16.455669744613505,12.77544122537815,1.8625402601329517,-14.102118504062073,-2.8143079650797747,6.638574182762566,-0.08069149445506679,-0.7579696333277548,12.584475629306676,-0.7945525058121309,-1.7213269930139046,-0.2433881918920806,-1.3478992304171737,0.8478459641596127,0.7516081401666558
185,1,1,-15.431506734420106,7.063830298492948,-7.460430463271323,2.451852061320683,9.57662858872846,-6.091390160991473,-6.609001190360542,0.09005561309789924,10.785649685184744,-3.0319695985501878,11.932738010074486,2.529855084205399,2.5774717573656396,-0.4286642749893857,-0.08590757276469432
186,5,5,-8.070437200691353,12.744744232962397,8.752970737446097,6.317209280217467,-3.1813931377953337,8.625085071557995,-0.25409411488103795,7.41093220762778,-9.63175355091748,-5.122087754120777,-2.952070187086736,0.27483842742988207,-0.28552177115975547,-0.3078959260461153,-0.4825859416050367
187,2,2,6.702328774816367,13.320404759182436,-6.397560992140361,1.8586318615366078,5.973323270995845,14.408619341541241,13.416316403039366,-14.604140976315438,12.192592888610346,4.719620877821497,1.6054662767324799,-0.20294670505710583,-0.4166880944508991,-0.041593986416110465,0.7874063626691935
188,5,5,-19.815688383846922,5.310195807734153,-4.539119243613439,12.232398383676207,5.974626235973362,4.4813777238153945,1.8631786910566168,9.153327376484818,-8.43710572857477,0.18740997603774984,-4.572907791337353,-0.23427265139172962,0.23371510861477862,-1.2867055072756552,-0.3552239195080062
189,7,7,-1.9071535226303915,16.401970027730943,12.528224937630688,12.608243989891164,14.960691434908396,3.871084335414775,4.220502009846137,-0.619991966856961,10.211290147621538,3.8128710218766813,3.854984491785051,-0.03674377882229172,-0.03461407528511103,-1.1571728990453456,-0.1964826528216627
190,1,1,28.251448777351673,3.6066442252149584,1.1188778045729577,-1.9269601892702206,9.577329629223343,-13.928824318182334,0.7235594854751796,-0.06852841717715463,-11.965684551205557,-3.4445974176005394,11.638405740167917,2.6314599947868924,2.685011591560206,0.659410845088723,0.8307330585908353
191,4,4,9.890611499688019,2.22998516039095,-0.4427678562872484,19.108627974489647,-3.7345769176492873,14.194416244245843,-6.92810480104607,1.2597193955390356,-6.609733340965667,11.572957014859028,-4.451118316572471,-1.241632686457,-1.4877120134032384,0.6323019723161003,0.4730032497315529
192,0,0,-3.900526254520028,-10.87895877807339,1.661069997691822,-4.518251545271179,-4.194656531469955,-1.2018777063816466,-6.890542306841878,-5.967895000415756,5.2288342252768985,7.6904947892138855,-1.2191674338548197,1.0799289788509516,-0.4072167813254849,-0.618066812206098,-1.0189018903567917
193,1,1,-2.030864138277842,-3.3865876576495713,12.8768112530199,-16.689480093232394,-9.422319196728203,-16.63126757019339,-5.3996326322535895,1.1710957455025106,-12.639582780353871,-4.620444583710603,3.642027285974458,0.1594947075989803,0.5775313282735943,-0.6961683351316739,-1.0629140821513523
194,2,2,10.245675807812116,12.236243991829385,-12.070293305809752,-3.2315510601015167,4.964998388175179,7.137995047242952,-17.45548219344274,4.42663362366312,11.02345670130051,-5.868130322205935,-0.014599625465236625,-0.819323739389219,-0.2532870891487386,0.3341421809545059,0.6843427756620816
195,2,2,11.401455965420915,10.584329352124385,-13.366202407958697,-3.9461787865406444,2.2877692175618076,12.217559056962333,15.459241004099274,5.467113402683717,-7.493813218580396,6.846022197011473,-5.249136797943934,-1.0973663628803538,-0.4921484880316237,1.7260470954157707,1.0586551260410875
196,4,4,8.560120849090076,-3.5201229815514425,-3.7025394568377092,-0.8037875922577906,-3.3434273031287836,0.09634886783682846,4.9665281277349695,-11.99885410798905,-2.195782717320869,-4.436788613899655,0.5259599353109233,-0.706261166903153,-0.672550486156308,0.037085354716717124,0.9916222048274885
197,6,6,-6.492802350672796,28.678990524093084,-2.133551357430139,4.8040627602529,16.608502468478463,-17.005189102230545,-18.653877869739908,3.082503987234631,-3.676496027504576,-7.054212182765844,1.9802407327169769,-0.3489099719794334,0.31541531818911583,-0.4896691924871292,-0.2377379587613083
198,8,8,4.98509974231344,7.388970704918164,-6.541150030655096,7.390765718848182,0.5258837934643292,3.165983508671865,-2.97917201464553,13.549513151032581,6.523874599490586,-1.0856319310312506,-0.9875278974093635,-0.3558300692382038,-0.565397296035407,0.2255537625345363,1.3660569477250764
199,1,1,-10.54430920776536,-2.1618636992108016,9.373150418576733,-5.874548388580352,-4.687106835165929,-8.107291105394083,7.970918454411999,-7.007557545242257,-4.808217967672831,-0.39333258626137246,9.35715566135458,0.8880162660689077,0.6748902766814691,-0.1756871076454154,-1.0876434724710045
200,0,0,-4.217202090697119,-14.34288113065147,0.8204483894780594,1.8807496712404914,-12.414902146919973,13.287373807256744,3.2914878519889976,-3.287334984642847,-0.881359051191536,-1.1353038802810866,2.3047296157186463,0.02641523833739044,0.3716373817233065,0.3539308074602413,-1.3985668817850692
